[{"model": "authentication.customuser", "pk": 1, "fields": {"password": "pbkdf2_sha256$870000$9uQa7hJyOK0tqsmEeT03c6$0HWsJpSDEiAU/T82YLBWYCNRnfHhq/GaZZx8hnHDlc8=", "last_login": "2025-11-14T18:44:24.148Z", "is_superuser": true, "username": "admin", "first_name": "", "last_name": "", "email": "", "is_staff": true, "is_active": true, "date_joined": "2025-11-07T11:14:03.868Z", "role": null, "roll_no": null, "enrolment_no": null, "starting_year": null, "ending_year": null, "course_name": null, "profile_pic": "profile_pictures/default1.jpg", "is_online": false, "last_seen": null, "connections": 0, "groups": [], "user_permissions": []}}, {"model": "authentication.customuser", "pk": 2, "fields": {"password": "pbkdf2_sha256$870000$OFnidLJMzO3ad6afArxgQ3$Tzq5ba9N+Ud/NPBwUYW0MDXkY4r7QyMwmc9yGNFGqJQ=", "last_login": "2025-11-14T16:14:22.163Z", "is_superuser": false, "username": "aman01", "first_name": "Aman Kumar", "last_name": "Panika", "email": "aman@cic.du.ac.in", "is_staff": false, "is_active": true, "date_joined": "2025-11-07T11:15:17Z", "role": "Student", "roll_no": "23312915010", "enrolment_no": "23CINCBTIM000010", "starting_year": 2023, "ending_year": 2027, "course_name": "BTECH", "profile_pic": "profile_pictures/Profile_Image_W5jlydJ.jpg", "is_online": true, "last_seen": "2025-11-09T12:27:16.094Z", "connections": 18, "groups": [], "user_permissions": []}}, {"model": "authentication.customuser", "pk": 3, "fields": {"password": "pbkdf2_sha256$870000$UgwoaOD2cm7hYjTM1dNxOl$rz0l2Uyo+cE6eHFHiV2UImHOBRiZSm3KtNACFEcmn+E=", "last_login": "2025-11-11T15:25:04Z", "is_superuser": false, "username": "ashish01", "first_name": "Ashish", "last_name": "Kushwaha", "email": "ashish@cic.du.ac.in", "is_staff": false, "is_active": true, "date_joined": "2025-11-07T11:17:21Z", "role": "Student", "roll_no": "23312915014", "enrolment_no": "23CINCBTIM000014", "starting_year": 2023, "ending_year": 2027, "course_name": "BTECH", "profile_pic": "profile_pictures/IMG_20240927_141340_Ld8xJBs.jpg", "is_online": true, "last_seen": "2025-11-09T12:18:09.342Z", "connections": 71, "groups": [], "user_permissions": []}}, {"model": "authentication.customuser", "pk": 5, "fields": {"password": "pbkdf2_sha256$870000$7cGepfgJH1vwqyErqx3Ezb$yyofsjTtxBC295hUrn4v7ztdn4SYjs7puKnqBCKy1SQ=", "last_login": null, "is_superuser": false, "username": "pradeep01", "first_name": "Pradeep", "last_name": "Tiwari", "email": "pradeep@cic.du.ac.in", "is_staff": false, "is_active": true, "date_joined": "2025-11-07T12:21:12Z", "role": "Student", "roll_no": "23312915044", "enrolment_no": "23CINCBTIM000044", "starting_year": 2023, "ending_year": 2027, "course_name": "BTECH", "profile_pic": "profile_pictures/default1.jpg", "is_online": false, "last_seen": null, "connections": 0, "groups": [], "user_permissions": []}}, {"model": "authentication.customuser", "pk": 6, "fields": {"password": "pbkdf2_sha256$870000$7lETVPDR893lkFEr6L7eY9$/p+1O5qIkXJIVj0E7O3AivFsGHvpmKlB9GwCnr+Fv8Q=", "last_login": "2025-11-11T15:26:05.345Z", "is_superuser": false, "username": "agriya01", "first_name": "Agriya", "last_name": "Khetarpal", "email": "agriya@cic.du.ac.in", "is_staff": false, "is_active": true, "date_joined": "2025-11-07T17:57:25Z", "role": "Alumni", "roll_no": "16312915001", "enrolment_no": "16CINCBTIM000001", "starting_year": 2016, "ending_year": 2020, "course_name": "BTECH", "profile_pic": "profile_pictures/agriya_aRx3JDB.jpeg", "is_online": false, "last_seen": "2025-11-11T15:28:09.777Z", "connections": 0, "groups": [], "user_permissions": []}}, {"model": "authentication.customuser", "pk": 7, "fields": {"password": "pbkdf2_sha256$870000$aYoSD1SY3G1d3MnkVHvnS0$jbtDgzx7e1kLYKAND/oRYuDBh060mZrlqlSORYaM9/o=", "last_login": null, "is_superuser": false, "username": "harsh01", "first_name": "Harsh", "last_name": "Raj", "email": "harshi@cic.du.ac.in", "is_staff": false, "is_active": true, "date_joined": "2025-11-07T18:01:20Z", "role": "Alumni", "roll_no": "21312915001", "enrolment_no": "21CINCBTIM000001", "starting_year": 2021, "ending_year": 2025, "course_name": "BTECH", "profile_pic": "profile_pictures/harsh_bhaiya_HQsQAkP.png", "is_online": false, "last_seen": null, "connections": 0, "groups": [], "user_permissions": []}}, {"model": "authentication.customuser", "pk": 8, "fields": {"password": "pbkdf2_sha256$870000$fuqB69RfidjuDuKnbKC8vu$RrxDAXSqRZ8kbJJkYEkltzWzZ5aDqddno+DQqmjum54=", "last_login": "2025-11-11T16:18:23.609Z", "is_superuser": false, "username": "raj01", "first_name": "Raj", "last_name": "Vardhan", "email": "raj@cic.du.ac.in", "is_staff": false, "is_active": true, "date_joined": "2025-11-07T18:03:12Z", "role": "Alumni", "roll_no": "21312915002", "enrolment_no": "21CINCBTIM000002", "starting_year": 2021, "ending_year": 2025, "course_name": "BTECH", "profile_pic": "profile_pictures/raj_bhaiya_nIDelvV.jpeg", "is_online": true, "last_seen": "2025-11-11T16:48:42.892Z", "connections": 3, "groups": [], "user_permissions": []}}, {"model": "authentication.customuser", "pk": 9, "fields": {"password": "pbkdf2_sha256$870000$TOyyVESOxxbGcW5J8pACtH$HCgOQbWF+LuP8yW3PcR6rYyNHq0Fd1q2s7BMvN2tjzM=", "last_login": "2025-11-13T05:04:48.923Z", "is_superuser": false, "username": "abhishek01", "first_name": "Abhishek", "last_name": "Bhardwaj", "email": "abhishek@cic.du.ac.in", "is_staff": false, "is_active": true, "date_joined": "2025-11-07T18:05:00Z", "role": "Alumni", "roll_no": "21312915003", "enrolment_no": "21CINCBTIM000003", "starting_year": 2021, "ending_year": 2025, "course_name": "BTECH", "profile_pic": "profile_pictures/abhishek_bhaiya_Vrrj0Aj.jpeg", "is_online": false, "last_seen": "2025-11-13T05:05:50.115Z", "connections": 0, "groups": [], "user_permissions": []}}, {"model": "authentication.customuser", "pk": 10, "fields": {"password": "pbkdf2_sha256$870000$MTWvM7RcJJDiu0EKer3E3w$HcGqCqsYwWd0tfUlTz8loTzUK+AN+pR1J0KxKKLC2Gc=", "last_login": "2025-11-14T06:07:43.513Z", "is_superuser": false, "username": "pankaj01", "first_name": "Pankaj", "last_name": "Baranwal", "email": "pankaj@cic.du.ac.in", "is_staff": false, "is_active": true, "date_joined": "2025-11-07T18:07:36Z", "role": "Alumni", "roll_no": "18312915001", "enrolment_no": "18CINCBTIM000001", "starting_year": 2018, "ending_year": 2022, "course_name": "BTECH", "profile_pic": "profile_pictures/pankaj_bhaiya_qjsS5xA.jpeg", "is_online": true, "last_seen": "2025-11-10T06:14:47.348Z", "connections": 32, "groups": [], "user_permissions": []}}, {"model": "authentication.customuser", "pk": 11, "fields": {"password": "pbkdf2_sha256$870000$HAJYEQD4isNuCmEZhT2vtK$39RJYjjUmYygHHeMi3RrphiJLPv+Ne7NLj1mrZYx76I=", "last_login": null, "is_superuser": false, "username": "sid01", "first_name": "Siddharth", "last_name": "Mahajan", "email": "sid@cic.du.ac.in", "is_staff": false, "is_active": true, "date_joined": "2025-11-07T18:09:03Z", "role": "Alumni", "roll_no": "21312915004", "enrolment_no": "21CINCBTIM000004", "starting_year": 2021, "ending_year": 2025, "course_name": "BTECH", "profile_pic": "profile_pictures/sid_bhaiya_l2xeTvK.jpeg", "is_online": false, "last_seen": null, "connections": 0, "groups": [], "user_permissions": []}}, {"model": "authentication.customuser", "pk": 12, "fields": {"password": "pbkdf2_sha256$870000$Yvegcz7YBOVsbXv55ppR6w$WC/TPpN6IoVwLdHktNyF5XmsEsGCKBO4oQ78g8oat5I=", "last_login": null, "is_superuser": false, "username": "arpita01", "first_name": "Arpita", "last_name": "Kesharwani", "email": "arpita@cic.du.ac.in", "is_staff": false, "is_active": true, "date_joined": "2025-11-10T06:24:06Z", "role": "Alumni", "roll_no": "21232915005", "enrolment_no": "21CINCBTIM000005", "starting_year": 2021, "ending_year": 2025, "course_name": "BTECH", "profile_pic": "profile_pictures/default1.jpg", "is_online": false, "last_seen": null, "connections": 0, "groups": [], "user_permissions": []}}, {"model": "authentication.customuser", "pk": 13, "fields": {"password": "pbkdf2_sha256$870000$rRRUSQzrBF4vKGhtYVfgyR$gRLJAnMv+vNWNCTx44DaBZjZ9cVOsnbtGfuQaJF8on4=", "last_login": null, "is_superuser": false, "username": "sejal", "first_name": "sejal", "last_name": "kumari", "email": "sejal@cic.du.ac.in", "is_staff": false, "is_active": true, "date_joined": "2025-11-10T06:34:52Z", "role": "Student", "roll_no": "1234567", "enrolment_no": "24CINCBTIM000067", "starting_year": 2024, "ending_year": 2028, "course_name": "BA HONOURS", "profile_pic": "profile_pictures/default1.jpg", "is_online": false, "last_seen": null, "connections": 0, "groups": [], "user_permissions": []}}, {"model": "authentication.customuser", "pk": 14, "fields": {"password": "pbkdf2_sha256$870000$cdNFZg0nJh5Up2l4vWecce$7heQzy+ILRyXvCKRbtNZXUa819gofsNkH8aRE5AuTR8=", "last_login": null, "is_superuser": false, "username": "ritika01", "first_name": "ritika", "last_name": "rajput", "email": "ritika@cic.du.ac.in", "is_staff": false, "is_active": true, "date_joined": "2025-11-10T16:44:49Z", "role": "Student", "roll_no": "23312915050", "enrolment_no": "23CINCBTIM000050", "starting_year": 2023, "ending_year": 2027, "course_name": "BTECH", "profile_pic": "profile_pictures/default1.jpg", "is_online": false, "last_seen": null, "connections": 0, "groups": [], "user_permissions": []}}, {"model": "authentication.studentdetails", "pk": 1, "fields": {"user": 2, "bio": "Exploring the field of ML & AI | VCIS Intern 25'", "current_year": 3, "home_town": "Madhya Pradesh"}}, {"model": "authentication.studentdetails", "pk": 2, "fields": {"user": 3, "bio": "Exploring the field of Android Development", "current_year": 3, "home_town": "uttar pradesh"}}, {"model": "authentication.studentdetails", "pk": 4, "fields": {"user": 5, "bio": "Django Developer | Backend Developer @Praman & Asheen Association", "current_year": 3, "home_town": "Uttar Pradesh"}}, {"model": "authentication.studentdetails", "pk": 5, "fields": {"user": 13, "bio": "2nd Year BA Student @CIC", "current_year": 2, "home_town": "Uttar Pradesh"}}, {"model": "authentication.studentdetails", "pk": 6, "fields": {"user": 14, "bio": "3rd Year Student @CIC DU", "current_year": 3, "home_town": "Delhi"}}, {"model": "authentication.alumnidetails", "pk": 1, "fields": {"user": 6, "current_status": "Job", "is_verified": true, "location": "Texas, US"}}, {"model": "authentication.alumnidetails", "pk": 2, "fields": {"user": 7, "current_status": "Job", "is_verified": true, "location": "New Delhi"}}, {"model": "authentication.alumnidetails", "pk": 3, "fields": {"user": 8, "current_status": "Other", "is_verified": false, "location": "Abu Dhabi"}}, {"model": "authentication.alumnidetails", "pk": 4, "fields": {"user": 9, "current_status": "Higher Studies", "is_verified": false, "location": "New Delhi"}}, {"model": "authentication.alumnidetails", "pk": 5, "fields": {"user": 10, "current_status": "Startup", "is_verified": true, "location": "New Delhi"}}, {"model": "authentication.alumnidetails", "pk": 6, "fields": {"user": 11, "current_status": "Job", "is_verified": false, "location": "New Delhi"}}, {"model": "authentication.alumnidetails", "pk": 7, "fields": {"user": 12, "current_status": "Higher Studies", "is_verified": false, "location": "Gurgaon"}}, {"model": "authentication.workingprofessional", "pk": 1, "fields": {"alumni": 1, "organization_name": "Software Engineer", "designation": "Quansight"}}, {"model": "authentication.workingprofessional", "pk": 2, "fields": {"alumni": 2, "organization_name": "SBI LAB", "designation": "Researcher"}}, {"model": "authentication.workingprofessional", "pk": 3, "fields": {"alumni": 6, "organization_name": "SBI LAB", "designation": "Research Associate"}}, {"model": "authentication.higherstudies", "pk": 1, "fields": {"alumni": 4, "organization_name": "Cluster Innovation Centre", "domain": "PhD"}}, {"model": "authentication.higherstudies", "pk": 2, "fields": {"alumni": 7, "organization_name": "M.Tech", "domain": "IT"}}, {"model": "authentication.startup", "pk": 1, "fields": {"alumni": 5, "startup_name": "BeyondChats", "description": "We provide chatbot integrations for your website and help convert your website traffic into high-quality leads!"}}, {"model": "authentication.others", "pk": 1, "fields": {"alumni": 3, "description": "Intern @MBZUAI"}}, {"model": "authentication.manualverification", "pk": 1, "fields": {"username": "aman", "email_id": "aman@cic.du.ac.in", "id_type": "aadhar", "id_file": "id_proofs/Aman_Kumar_Panika_152309.pages", "clg_id_type": "fee_receipt", "clg_id_file": "clg_id_proofs/Aman_Kumar_Panika_152309.pdf"}}, {"model": "authentication.manualverification", "pk": 2, "fields": {"username": "aman", "email_id": "aman@gmail.com", "id_type": "aadhar", "id_file": "id_proofs/Aman_Kumar_Panika_152309_QU7PPjU.pages", "clg_id_type": "fee_receipt", "clg_id_file": "clg_id_proofs/Aman_Kumar_Panika_152309.pages"}}, {"model": "authentication.skill", "pk": 1, "fields": {"user": 2, "skill_name": "machine learning", "proficiency": "Basic", "endorsement": null, "media": ""}}, {"model": "events.event", "pk": 1, "fields": {"user": 3, "title": "Convoke", "description": "Hey all...CIC's biggest tech fest is here...All Updates will be share on this platform & convoke.co.in too.", "time": "10:00:00", "start_date": "2025-11-25", "end_date": "2025-12-15", "venue": "Cluster Innovation Centre", "posted_on": "2025-11-07", "image": "events/event2_isvGJQf.jpeg"}}, {"model": "events.event", "pk": 2, "fields": {"user": 3, "title": "Teacher Training Program", "description": "", "time": "11:00:00", "start_date": "2025-11-10", "end_date": "2025-11-11", "venue": "Cluster Innovation Centre", "posted_on": "2025-11-07", "image": "events/default.webp"}}, {"model": "events.event", "pk": 3, "fields": {"user": 3, "title": "Alumni Meet Up", "description": "A night to remember those college day's memories & to create new unforgetable memories", "time": "10:30:00", "start_date": "2025-11-10", "end_date": null, "venue": "Cluster Innovation Centre", "posted_on": "2025-11-07", "image": "events/event1_fEsJL4Z.webp"}}, {"model": "events.event", "pk": 4, "fields": {"user": 7, "title": "GitHub Workshop", "description": "Hands on knowledge about Git & GitHub", "time": "14:00:00", "start_date": "2025-11-12", "end_date": null, "venue": "2nd Floor, Foyer Area", "posted_on": "2025-11-07", "image": "events/event6.png"}}, {"model": "events.eventreport", "pk": 5, "fields": {"event": 2, "reported_by": 2, "description": "12", "reported_on": "2025-11-15"}}, {"model": "events.eventreport", "pk": 6, "fields": {"event": 2, "reported_by": 2, "description": "1", "reported_on": "2025-11-15"}}, {"model": "events.eventreport", "pk": 7, "fields": {"event": 2, "reported_by": 2, "description": "122", "reported_on": "2025-11-15"}}, {"model": "events.eventreport", "pk": 8, "fields": {"event": 1, "reported_by": 2, "description": "a", "reported_on": "2025-11-15"}}, {"model": "events.eventreport", "pk": 9, "fields": {"event": 2, "reported_by": 2, "description": "12", "reported_on": "2025-11-15"}}, {"model": "chat.message", "pk": 60, "fields": {"sender": 10, "receiver": 2, "content": "Hey Aman...", "timestamp": "2025-11-10T16:48:19.816Z", "is_delivered": true, "is_seen": true}}, {"model": "chat.message", "pk": 61, "fields": {"sender": 10, "receiver": 2, "content": "What's going on..?", "timestamp": "2025-11-10T16:48:29.884Z", "is_delivered": true, "is_seen": true}}, {"model": "chat.message", "pk": 62, "fields": {"sender": 10, "receiver": 6, "content": "Hey Agriya..", "timestamp": "2025-11-11T14:39:28.764Z", "is_delivered": true, "is_seen": true}}, {"model": "chat.message", "pk": 63, "fields": {"sender": 2, "receiver": 10, "content": "nothing bhaiya..", "timestamp": "2025-11-11T15:25:38.213Z", "is_delivered": true, "is_seen": true}}, {"model": "chat.message", "pk": 64, "fields": {"sender": 6, "receiver": 10, "content": "Hello Pankaj...What's up...", "timestamp": "2025-11-11T15:26:25.181Z", "is_delivered": true, "is_seen": true}}, {"model": "chat.message", "pk": 65, "fields": {"sender": 6, "receiver": 10, "content": "where are you nowdays", "timestamp": "2025-11-11T15:27:05.017Z", "is_delivered": true, "is_seen": true}}, {"model": "chat.message", "pk": 66, "fields": {"sender": 10, "receiver": 6, "content": "Mumbai..", "timestamp": "2025-11-11T15:27:29.691Z", "is_delivered": true, "is_seen": true}}, {"model": "chat.message", "pk": 67, "fields": {"sender": 6, "receiver": 10, "content": "Ohh", "timestamp": "2025-11-11T15:27:39.811Z", "is_delivered": true, "is_seen": true}}, {"model": "chat.message", "pk": 68, "fields": {"sender": 2, "receiver": 9, "content": "Hii", "timestamp": "2025-11-12T16:08:23.558Z", "is_delivered": true, "is_seen": true}}, {"model": "chat.message", "pk": 69, "fields": {"sender": 10, "receiver": 2, "content": "hey", "timestamp": "2025-11-12T18:45:28.907Z", "is_delivered": true, "is_seen": true}}, {"model": "chat.message", "pk": 70, "fields": {"sender": 9, "receiver": 2, "content": "Hii bhaiya", "timestamp": "2025-11-13T05:04:59.967Z", "is_delivered": true, "is_seen": true}}, {"model": "chat.message", "pk": 71, "fields": {"sender": 10, "receiver": 2, "content": "hello", "timestamp": "2025-11-13T05:06:20.705Z", "is_delivered": true, "is_seen": true}}, {"model": "chat.message", "pk": 72, "fields": {"sender": 2, "receiver": 10, "content": "hii", "timestamp": "2025-11-13T05:06:41.355Z", "is_delivered": true, "is_seen": true}}, {"model": "chat.message", "pk": 73, "fields": {"sender": 2, "receiver": 3, "content": "Hello", "timestamp": "2025-11-13T05:07:27.715Z", "is_delivered": true, "is_seen": false}}, {"model": "opportunity.opportunity", "pk": 1, "fields": {"user": 3, "opportunity_type": "Internship", "organization_name": "cluster innovation centre", "role": "Content Creator", "duration": "1 month", "description": "Bharti bharti...bumper bharti", "last_date": "2025-11-20", "posted_on": "2025-11-07", "image": "opportunity/default.jpg"}}, {"model": "opportunity.opportunity", "pk": 2, "fields": {"user": 10, "opportunity_type": "Internship", "organization_name": "BeyondChats", "role": "Backend Developer", "duration": "2 Months", "description": "We are hiring for backend developer. It's on FCFS basis.", "last_date": "2025-11-20", "posted_on": "2025-11-07", "image": "opportunity/default.jpg"}}, {"model": "opportunity.applicant", "pk": 1, "fields": {"opportunity": 1, "user": 2, "cv": "applicant's_cv/Academic_CV_1jwHYBZ.docx", "remark": "I am looking forward for this internship"}}, {"model": "opportunity.opportunityreport", "pk": 1, "fields": {"opportunity": 1, "reported_by": 2, "description": "ioisdfh", "reported_on": "2025-11-10"}}, {"model": "admin.logentry", "pk": 1, "fields": {"action_time": "2025-11-07T11:15:19.066Z", "user": 1, "content_type": 2, "object_id": "2", "object_repr": " ", "action_flag": 1, "change_message": "[{\"added\": {}}]"}}, {"model": "admin.logentry", "pk": 2, "fields": {"action_time": "2025-11-07T11:16:35.267Z", "user": 1, "content_type": 2, "object_id": "2", "object_repr": "Aman Kumar Panika", "action_flag": 2, "change_message": "[{\"changed\": {\"fields\": [\"First name\", \"Last name\", \"Email address\"]}}, {\"added\": {\"name\": \"student details\", \"object\": \"Aman Kumar Panika - 3 Year\"}}]"}}, {"model": "admin.logentry", "pk": 3, "fields": {"action_time": "2025-11-07T11:17:21.749Z", "user": 1, "content_type": 2, "object_id": "3", "object_repr": " ", "action_flag": 1, "change_message": "[{\"added\": {}}]"}}, {"model": "admin.logentry", "pk": 4, "fields": {"action_time": "2025-11-07T11:18:12.770Z", "user": 1, "content_type": 2, "object_id": "3", "object_repr": "Ashish Kushwaha", "action_flag": 2, "change_message": "[{\"changed\": {\"fields\": [\"First name\", \"Last name\", \"Email address\"]}}, {\"added\": {\"name\": \"student details\", \"object\": \"Ashish Kushwaha - 3 Year\"}}]"}}, {"model": "admin.logentry", "pk": 5, "fields": {"action_time": "2025-11-07T11:18:28.662Z", "user": 1, "content_type": 14, "object_id": "1", "object_repr": "Aman Kumar Panika -> Ashish Kushwaha: Hello", "action_flag": 1, "change_message": "[{\"added\": {}}]"}}, {"model": "admin.logentry", "pk": 6, "fields": {"action_time": "2025-11-07T11:18:43.295Z", "user": 1, "content_type": 2, "object_id": "2", "object_repr": "Aman Kumar Panika", "action_flag": 2, "change_message": "[{\"changed\": {\"fields\": [\"Email address\"]}}]"}}, {"model": "admin.logentry", "pk": 7, "fields": {"action_time": "2025-11-07T12:13:02.650Z", "user": 1, "content_type": 2, "object_id": "4", "object_repr": " ", "action_flag": 1, "change_message": "[{\"added\": {}}]"}}, {"model": "admin.logentry", "pk": 8, "fields": {"action_time": "2025-11-07T12:14:02.359Z", "user": 1, "content_type": 2, "object_id": "4", "object_repr": "Pradeep Tiwari", "action_flag": 2, "change_message": "[{\"changed\": {\"fields\": [\"First name\", \"Last name\", \"Email address\"]}}, {\"added\": {\"name\": \"student details\", \"object\": \"Pradeep Tiwari - 3 Year\"}}]"}}, {"model": "admin.logentry", "pk": 9, "fields": {"action_time": "2025-11-07T12:14:56.449Z", "user": 1, "content_type": 2, "object_id": "4", "object_repr": "Pradeep Tiwari", "action_flag": 2, "change_message": "[]"}}, {"model": "admin.logentry", "pk": 10, "fields": {"action_time": "2025-11-07T12:15:41.275Z", "user": 1, "content_type": 2, "object_id": "4", "object_repr": "Pradeep Tiwari", "action_flag": 2, "change_message": "[]"}}, {"model": "admin.logentry", "pk": 11, "fields": {"action_time": "2025-11-07T12:15:55.477Z", "user": 1, "content_type": 2, "object_id": "4", "object_repr": "Pradeep Tiwari", "action_flag": 2, "change_message": "[]"}}, {"model": "admin.logentry", "pk": 12, "fields": {"action_time": "2025-11-07T12:20:25.482Z", "user": 1, "content_type": 2, "object_id": "4", "object_repr": "Pradeep Tiwari", "action_flag": 2, "change_message": "[]"}}, {"model": "admin.logentry", "pk": 13, "fields": {"action_time": "2025-11-07T12:20:29.922Z", "user": 1, "content_type": 2, "object_id": "4", "object_repr": "Pradeep Tiwari", "action_flag": 3, "change_message": ""}}, {"model": "admin.logentry", "pk": 14, "fields": {"action_time": "2025-11-07T12:21:12.670Z", "user": 1, "content_type": 2, "object_id": "5", "object_repr": " ", "action_flag": 1, "change_message": "[{\"added\": {}}]"}}, {"model": "admin.logentry", "pk": 15, "fields": {"action_time": "2025-11-07T12:22:00.759Z", "user": 1, "content_type": 2, "object_id": "5", "object_repr": "Pradeep Tiwari", "action_flag": 2, "change_message": "[{\"changed\": {\"fields\": [\"First name\", \"Last name\", \"Email address\"]}}, {\"added\": {\"name\": \"student details\", \"object\": \"Pradeep Tiwari - 3 Year\"}}]"}}, {"model": "admin.logentry", "pk": 16, "fields": {"action_time": "2025-11-07T17:57:25.818Z", "user": 1, "content_type": 2, "object_id": "6", "object_repr": " ", "action_flag": 1, "change_message": "[{\"added\": {}}]"}}, {"model": "admin.logentry", "pk": 17, "fields": {"action_time": "2025-11-07T17:58:13.035Z", "user": 1, "content_type": 2, "object_id": "6", "object_repr": "Agriya Khetarpal", "action_flag": 2, "change_message": "[{\"changed\": {\"fields\": [\"First name\", \"Last name\", \"Email address\"]}}, {\"added\": {\"name\": \"alumni details\", \"object\": \"Agriya - Job\"}}]"}}, {"model": "admin.logentry", "pk": 18, "fields": {"action_time": "2025-11-07T18:00:30.061Z", "user": 1, "content_type": 3, "object_id": "1", "object_repr": "Agriya - Job", "action_flag": 2, "change_message": "[{\"added\": {\"name\": \"working professional\", \"object\": \"Agriya - Software Engineer\"}}]"}}, {"model": "admin.logentry", "pk": 19, "fields": {"action_time": "2025-11-07T18:01:20.985Z", "user": 1, "content_type": 2, "object_id": "7", "object_repr": " ", "action_flag": 1, "change_message": "[{\"added\": {}}]"}}, {"model": "admin.logentry", "pk": 20, "fields": {"action_time": "2025-11-07T18:01:49.074Z", "user": 1, "content_type": 2, "object_id": "7", "object_repr": "Harsh Raj", "action_flag": 2, "change_message": "[{\"changed\": {\"fields\": [\"First name\", \"Last name\", \"Email address\"]}}, {\"added\": {\"name\": \"alumni details\", \"object\": \"Harsh - Job\"}}]"}}, {"model": "admin.logentry", "pk": 21, "fields": {"action_time": "2025-11-07T18:02:12.767Z", "user": 1, "content_type": 3, "object_id": "2", "object_repr": "Harsh - Job", "action_flag": 2, "change_message": "[{\"added\": {\"name\": \"working professional\", \"object\": \"Harsh - SBI LAB\"}}]"}}, {"model": "admin.logentry", "pk": 22, "fields": {"action_time": "2025-11-07T18:03:12.251Z", "user": 1, "content_type": 2, "object_id": "8", "object_repr": " ", "action_flag": 1, "change_message": "[{\"added\": {}}]"}}, {"model": "admin.logentry", "pk": 23, "fields": {"action_time": "2025-11-07T18:03:50.374Z", "user": 1, "content_type": 2, "object_id": "8", "object_repr": "Raj Vardhan", "action_flag": 2, "change_message": "[{\"changed\": {\"fields\": [\"First name\", \"Last name\", \"Email address\"]}}, {\"added\": {\"name\": \"alumni details\", \"object\": \"Raj - Other\"}}]"}}, {"model": "admin.logentry", "pk": 24, "fields": {"action_time": "2025-11-07T18:05:00.383Z", "user": 1, "content_type": 2, "object_id": "9", "object_repr": " ", "action_flag": 1, "change_message": "[{\"added\": {}}]"}}, {"model": "admin.logentry", "pk": 25, "fields": {"action_time": "2025-11-07T18:05:19.438Z", "user": 1, "content_type": 2, "object_id": "9", "object_repr": "Abhishek Bhardwaj", "action_flag": 2, "change_message": "[{\"changed\": {\"fields\": [\"First name\", \"Last name\", \"Email address\"]}}, {\"added\": {\"name\": \"alumni details\", \"object\": \"Abhishek - Higher Studies\"}}]"}}, {"model": "admin.logentry", "pk": 26, "fields": {"action_time": "2025-11-07T18:07:36.600Z", "user": 1, "content_type": 2, "object_id": "10", "object_repr": " ", "action_flag": 1, "change_message": "[{\"added\": {}}]"}}, {"model": "admin.logentry", "pk": 27, "fields": {"action_time": "2025-11-07T18:07:55.450Z", "user": 1, "content_type": 2, "object_id": "10", "object_repr": "Pankaj Baranwal", "action_flag": 2, "change_message": "[{\"changed\": {\"fields\": [\"First name\", \"Last name\", \"Email address\"]}}, {\"added\": {\"name\": \"alumni details\", \"object\": \"Pankaj - Startup\"}}]"}}, {"model": "admin.logentry", "pk": 28, "fields": {"action_time": "2025-11-07T18:09:03.639Z", "user": 1, "content_type": 2, "object_id": "11", "object_repr": " ", "action_flag": 1, "change_message": "[{\"added\": {}}]"}}, {"model": "admin.logentry", "pk": 29, "fields": {"action_time": "2025-11-07T18:09:50.836Z", "user": 1, "content_type": 2, "object_id": "11", "object_repr": "Siddharth Mahajan", "action_flag": 2, "change_message": "[{\"changed\": {\"fields\": [\"First name\", \"Last name\", \"Email address\"]}}, {\"added\": {\"name\": \"alumni details\", \"object\": \"Siddharth - Job\"}}]"}}, {"model": "admin.logentry", "pk": 30, "fields": {"action_time": "2025-11-07T18:10:17.476Z", "user": 1, "content_type": 3, "object_id": "6", "object_repr": "Siddharth - Job", "action_flag": 2, "change_message": "[{\"added\": {\"name\": \"working professional\", \"object\": \"Siddharth - SBI LAB\"}}]"}}, {"model": "admin.logentry", "pk": 31, "fields": {"action_time": "2025-11-07T18:11:48.689Z", "user": 1, "content_type": 3, "object_id": "5", "object_repr": "Pankaj - Startup", "action_flag": 2, "change_message": "[{\"added\": {\"name\": \"startup\", \"object\": \"Pankaj Baranwal - BeyondChats\"}}]"}}, {"model": "admin.logentry", "pk": 32, "fields": {"action_time": "2025-11-07T18:11:56.571Z", "user": 1, "content_type": 3, "object_id": "4", "object_repr": "Abhishek - Higher Studies", "action_flag": 2, "change_message": "[{\"added\": {\"name\": \"higher studies\", \"object\": \"Abhishek - Higher Studies\"}}]"}}, {"model": "admin.logentry", "pk": 33, "fields": {"action_time": "2025-11-07T18:12:42.089Z", "user": 1, "content_type": 3, "object_id": "3", "object_repr": "Raj - Other", "action_flag": 2, "change_message": "[{\"added\": {\"name\": \"others\", \"object\": \"Raj Vardhan\"}}]"}}, {"model": "admin.logentry", "pk": 34, "fields": {"action_time": "2025-11-07T18:15:48.104Z", "user": 1, "content_type": 15, "object_id": "2", "object_repr": "Pankaj - Internship", "action_flag": 1, "change_message": "[{\"added\": {}}]"}}, {"model": "admin.logentry", "pk": 35, "fields": {"action_time": "2025-11-07T18:21:32.009Z", "user": 1, "content_type": 12, "object_id": "4", "object_repr": "Harsh - GitHub Workshop", "action_flag": 1, "change_message": "[{\"added\": {}}]"}}, {"model": "admin.logentry", "pk": 36, "fields": {"action_time": "2025-11-07T18:21:54.944Z", "user": 1, "content_type": 12, "object_id": "4", "object_repr": "Harsh - GitHub Workshop", "action_flag": 2, "change_message": "[{\"changed\": {\"fields\": [\"Image\"]}}]"}}, {"model": "admin.logentry", "pk": 37, "fields": {"action_time": "2025-11-07T18:22:58.259Z", "user": 1, "content_type": 12, "object_id": "4", "object_repr": "Harsh - GitHub Workshop", "action_flag": 2, "change_message": "[{\"changed\": {\"fields\": [\"Image\"]}}]"}}, {"model": "admin.logentry", "pk": 38, "fields": {"action_time": "2025-11-10T06:24:07.097Z", "user": 1, "content_type": 2, "object_id": "12", "object_repr": " ", "action_flag": 1, "change_message": "[{\"added\": {}}]"}}, {"model": "admin.logentry", "pk": 39, "fields": {"action_time": "2025-11-10T06:24:40.071Z", "user": 1, "content_type": 2, "object_id": "12", "object_repr": "Arpita Kesharwani", "action_flag": 2, "change_message": "[{\"changed\": {\"fields\": [\"First name\", \"Last name\", \"Email address\"]}}, {\"added\": {\"name\": \"alumni details\", \"object\": \"Arpita - Higher Studies\"}}]"}}, {"model": "admin.logentry", "pk": 40, "fields": {"action_time": "2025-11-10T06:24:55.404Z", "user": 1, "content_type": 3, "object_id": "7", "object_repr": "Arpita - Higher Studies", "action_flag": 2, "change_message": "[{\"added\": {\"name\": \"higher studies\", \"object\": \"Arpita - Higher Studies\"}}]"}}, {"model": "admin.logentry", "pk": 41, "fields": {"action_time": "2025-11-10T06:34:53.073Z", "user": 1, "content_type": 2, "object_id": "13", "object_repr": " ", "action_flag": 1, "change_message": "[{\"added\": {}}]"}}, {"model": "admin.logentry", "pk": 42, "fields": {"action_time": "2025-11-10T06:35:34.918Z", "user": 1, "content_type": 2, "object_id": "13", "object_repr": "sejal kumari", "action_flag": 2, "change_message": "[{\"changed\": {\"fields\": [\"First name\", \"Last name\", \"Email address\"]}}, {\"added\": {\"name\": \"student details\", \"object\": \"sejal kumari - 2 Year\"}}]"}}, {"model": "admin.logentry", "pk": 43, "fields": {"action_time": "2025-11-10T06:35:56.905Z", "user": 1, "content_type": 2, "object_id": "13", "object_repr": "sejal kumari", "action_flag": 2, "change_message": "[]"}}, {"model": "admin.logentry", "pk": 44, "fields": {"action_time": "2025-11-10T16:44:49.231Z", "user": 1, "content_type": 2, "object_id": "14", "object_repr": " ", "action_flag": 1, "change_message": "[{\"added\": {}}]"}}, {"model": "admin.logentry", "pk": 45, "fields": {"action_time": "2025-11-10T16:46:33.252Z", "user": 1, "content_type": 2, "object_id": "14", "object_repr": "ritika rajput", "action_flag": 2, "change_message": "[{\"changed\": {\"fields\": [\"First name\", \"Last name\", \"Email address\"]}}, {\"added\": {\"name\": \"student details\", \"object\": \"ritika rajput - 3 Year\"}}]"}}, {"model": "admin.logentry", "pk": 46, "fields": {"action_time": "2025-11-10T16:47:00.088Z", "user": 1, "content_type": 14, "object_id": "59", "object_repr": "Agriya Khetarpal -> Pankaj Baranwal: hi", "action_flag": 3, "change_message": ""}}, {"model": "admin.logentry", "pk": 47, "fields": {"action_time": "2025-11-10T16:47:00.088Z", "user": 1, "content_type": 14, "object_id": "58", "object_repr": "Pankaj Baranwal -> Agriya Khetarpal: hello what;suup'", "action_flag": 3, "change_message": ""}}, {"model": "admin.logentry", "pk": 48, "fields": {"action_time": "2025-11-10T16:47:00.088Z", "user": 1, "content_type": 14, "object_id": "57", "object_repr": "Aman Kumar Panika -> Siddharth Mahajan: hi bhaiya", "action_flag": 3, "change_message": ""}}, {"model": "admin.logentry", "pk": 49, "fields": {"action_time": "2025-11-10T16:47:00.088Z", "user": 1, "content_type": 14, "object_id": "56", "object_repr": "Pankaj Baranwal -> Aman Kumar Panika: what are you doing n", "action_flag": 3, "change_message": ""}}, {"model": "admin.logentry", "pk": 50, "fields": {"action_time": "2025-11-10T16:47:00.088Z", "user": 1, "content_type": 14, "object_id": "55", "object_repr": "Pankaj Baranwal -> Aman Kumar Panika: hi aman", "action_flag": 3, "change_message": ""}}, {"model": "admin.logentry", "pk": 51, "fields": {"action_time": "2025-11-10T16:47:00.088Z", "user": 1, "content_type": 14, "object_id": "54", "object_repr": "Agriya Khetarpal -> Pankaj Baranwal: nothing dude", "action_flag": 3, "change_message": ""}}, {"model": "admin.logentry", "pk": 52, "fields": {"action_time": "2025-11-10T16:47:00.088Z", "user": 1, "content_type": 14, "object_id": "53", "object_repr": "Pankaj Baranwal -> Agriya Khetarpal: Hi agryia , what's u", "action_flag": 3, "change_message": ""}}, {"model": "admin.logentry", "pk": 53, "fields": {"action_time": "2025-11-10T16:47:00.088Z", "user": 1, "content_type": 14, "object_id": "52", "object_repr": "Pankaj Baranwal -> Agriya Khetarpal: what...?", "action_flag": 3, "change_message": ""}}, {"model": "admin.logentry", "pk": 54, "fields": {"action_time": "2025-11-10T16:47:00.089Z", "user": 1, "content_type": 14, "object_id": "51", "object_repr": "Agriya Khetarpal -> Pankaj Baranwal: hello\\", "action_flag": 3, "change_message": ""}}, {"model": "admin.logentry", "pk": 55, "fields": {"action_time": "2025-11-10T16:47:00.089Z", "user": 1, "content_type": 14, "object_id": "50", "object_repr": "Pankaj Baranwal -> Agriya Khetarpal: hello", "action_flag": 3, "change_message": ""}}, {"model": "admin.logentry", "pk": 56, "fields": {"action_time": "2025-11-10T16:47:00.089Z", "user": 1, "content_type": 14, "object_id": "49", "object_repr": "Pankaj Baranwal -> Ashish Kushwaha: hello", "action_flag": 3, "change_message": ""}}, {"model": "admin.logentry", "pk": 57, "fields": {"action_time": "2025-11-10T16:47:00.089Z", "user": 1, "content_type": 14, "object_id": "48", "object_repr": "Aman Kumar Panika -> Harsh Raj: hello", "action_flag": 3, "change_message": ""}}, {"model": "admin.logentry", "pk": 58, "fields": {"action_time": "2025-11-10T16:47:00.089Z", "user": 1, "content_type": 14, "object_id": "47", "object_repr": "Aman Kumar Panika -> Pankaj Baranwal: Hello Bhaiya", "action_flag": 3, "change_message": ""}}, {"model": "admin.logentry", "pk": 59, "fields": {"action_time": "2025-11-10T16:47:00.089Z", "user": 1, "content_type": 14, "object_id": "46", "object_repr": "Ashish Kushwaha -> Harsh Raj: hello", "action_flag": 3, "change_message": ""}}, {"model": "admin.logentry", "pk": 60, "fields": {"action_time": "2025-11-10T16:47:00.089Z", "user": 1, "content_type": 14, "object_id": "45", "object_repr": "Ashish Kushwaha -> Pankaj Baranwal: hello", "action_flag": 3, "change_message": ""}}, {"model": "admin.logentry", "pk": 61, "fields": {"action_time": "2025-11-10T16:47:00.089Z", "user": 1, "content_type": 14, "object_id": "44", "object_repr": "Ashish Kushwaha -> Pankaj Baranwal: hell", "action_flag": 3, "change_message": ""}}, {"model": "admin.logentry", "pk": 62, "fields": {"action_time": "2025-11-10T16:47:00.089Z", "user": 1, "content_type": 14, "object_id": "43", "object_repr": "Ashish Kushwaha -> Pankaj Baranwal: hello", "action_flag": 3, "change_message": ""}}, {"model": "admin.logentry", "pk": 63, "fields": {"action_time": "2025-11-10T16:47:00.089Z", "user": 1, "content_type": 14, "object_id": "42", "object_repr": "Pankaj Baranwal -> Ashish Kushwaha: Hii ashish", "action_flag": 3, "change_message": ""}}, {"model": "admin.logentry", "pk": 64, "fields": {"action_time": "2025-11-10T16:47:00.089Z", "user": 1, "content_type": 14, "object_id": "41", "object_repr": "Ashish Kushwaha -> Pankaj Baranwal: hello", "action_flag": 3, "change_message": ""}}, {"model": "admin.logentry", "pk": 65, "fields": {"action_time": "2025-11-10T16:47:00.089Z", "user": 1, "content_type": 14, "object_id": "40", "object_repr": "Ashish Kushwaha -> Aman Kumar Panika: hii", "action_flag": 3, "change_message": ""}}, {"model": "admin.logentry", "pk": 66, "fields": {"action_time": "2025-11-10T16:47:00.089Z", "user": 1, "content_type": 14, "object_id": "39", "object_repr": "Aman Kumar Panika -> Ashish Kushwaha: srd", "action_flag": 3, "change_message": ""}}, {"model": "admin.logentry", "pk": 67, "fields": {"action_time": "2025-11-10T16:47:00.089Z", "user": 1, "content_type": 14, "object_id": "38", "object_repr": "Aman Kumar Panika -> Ashish Kushwaha: hii", "action_flag": 3, "change_message": ""}}, {"model": "admin.logentry", "pk": 68, "fields": {"action_time": "2025-11-10T16:47:00.089Z", "user": 1, "content_type": 14, "object_id": "37", "object_repr": "Aman Kumar Panika -> Ashish Kushwaha: hello", "action_flag": 3, "change_message": ""}}, {"model": "admin.logentry", "pk": 69, "fields": {"action_time": "2025-11-10T16:47:00.089Z", "user": 1, "content_type": 14, "object_id": "36", "object_repr": "Aman Kumar Panika -> Ashish Kushwaha: hello", "action_flag": 3, "change_message": ""}}, {"model": "admin.logentry", "pk": 70, "fields": {"action_time": "2025-11-10T16:47:00.089Z", "user": 1, "content_type": 14, "object_id": "35", "object_repr": "Aman Kumar Panika -> Ashish Kushwaha: hello", "action_flag": 3, "change_message": ""}}, {"model": "admin.logentry", "pk": 71, "fields": {"action_time": "2025-11-10T16:47:00.089Z", "user": 1, "content_type": 14, "object_id": "34", "object_repr": "Ashish Kushwaha -> Aman Kumar Panika: a", "action_flag": 3, "change_message": ""}}, {"model": "admin.logentry", "pk": 72, "fields": {"action_time": "2025-11-10T16:47:00.089Z", "user": 1, "content_type": 14, "object_id": "33", "object_repr": "Aman Kumar Panika -> Ashish Kushwaha: testing", "action_flag": 3, "change_message": ""}}, {"model": "admin.logentry", "pk": 73, "fields": {"action_time": "2025-11-10T16:47:00.089Z", "user": 1, "content_type": 14, "object_id": "32", "object_repr": "Ashish Kushwaha -> Aman Kumar Panika: testing", "action_flag": 3, "change_message": ""}}, {"model": "admin.logentry", "pk": 74, "fields": {"action_time": "2025-11-10T16:47:00.089Z", "user": 1, "content_type": 14, "object_id": "31", "object_repr": "Ashish Kushwaha -> Aman Kumar Panika: hey", "action_flag": 3, "change_message": ""}}, {"model": "admin.logentry", "pk": 75, "fields": {"action_time": "2025-11-10T16:47:00.089Z", "user": 1, "content_type": 14, "object_id": "30", "object_repr": "Aman Kumar Panika -> Ashish Kushwaha: hello", "action_flag": 3, "change_message": ""}}, {"model": "admin.logentry", "pk": 76, "fields": {"action_time": "2025-11-10T16:47:00.089Z", "user": 1, "content_type": 14, "object_id": "29", "object_repr": "Aman Kumar Panika -> Ashish Kushwaha: he", "action_flag": 3, "change_message": ""}}, {"model": "admin.logentry", "pk": 77, "fields": {"action_time": "2025-11-10T16:47:00.089Z", "user": 1, "content_type": 14, "object_id": "28", "object_repr": "Aman Kumar Panika -> Ashish Kushwaha: hey", "action_flag": 3, "change_message": ""}}, {"model": "admin.logentry", "pk": 78, "fields": {"action_time": "2025-11-10T16:47:00.089Z", "user": 1, "content_type": 14, "object_id": "27", "object_repr": "Aman Kumar Panika -> Ashish Kushwaha: hello", "action_flag": 3, "change_message": ""}}, {"model": "admin.logentry", "pk": 79, "fields": {"action_time": "2025-11-10T16:47:00.089Z", "user": 1, "content_type": 14, "object_id": "26", "object_repr": "Ashish Kushwaha -> Aman Kumar Panika: hii", "action_flag": 3, "change_message": ""}}, {"model": "admin.logentry", "pk": 80, "fields": {"action_time": "2025-11-10T16:47:00.089Z", "user": 1, "content_type": 14, "object_id": "25", "object_repr": "Ashish Kushwaha -> Pradeep Tiwari: hello", "action_flag": 3, "change_message": ""}}, {"model": "admin.logentry", "pk": 81, "fields": {"action_time": "2025-11-10T16:47:00.089Z", "user": 1, "content_type": 14, "object_id": "24", "object_repr": "Ashish Kushwaha -> Pradeep Tiwari: hii", "action_flag": 3, "change_message": ""}}, {"model": "admin.logentry", "pk": 82, "fields": {"action_time": "2025-11-10T16:47:00.089Z", "user": 1, "content_type": 14, "object_id": "23", "object_repr": "Ashish Kushwaha -> Harsh Raj: Hello Bhaiya", "action_flag": 3, "change_message": ""}}, {"model": "admin.logentry", "pk": 83, "fields": {"action_time": "2025-11-10T16:47:00.089Z", "user": 1, "content_type": 14, "object_id": "22", "object_repr": "Ashish Kushwaha ->  : hello sir", "action_flag": 3, "change_message": ""}}, {"model": "admin.logentry", "pk": 84, "fields": {"action_time": "2025-11-10T16:47:00.089Z", "user": 1, "content_type": 14, "object_id": "21", "object_repr": "Ashish Kushwaha -> Aman Kumar Panika: ðŸ‘ðŸ»", "action_flag": 3, "change_message": ""}}, {"model": "admin.logentry", "pk": 85, "fields": {"action_time": "2025-11-10T16:47:00.089Z", "user": 1, "content_type": 14, "object_id": "20", "object_repr": "Ashish Kushwaha -> Aman Kumar Panika: okay", "action_flag": 3, "change_message": ""}}, {"model": "admin.logentry", "pk": 86, "fields": {"action_time": "2025-11-10T16:47:00.089Z", "user": 1, "content_type": 14, "object_id": "19", "object_repr": "Aman Kumar Panika -> Ashish Kushwaha: will text you later", "action_flag": 3, "change_message": ""}}, {"model": "admin.logentry", "pk": 87, "fields": {"action_time": "2025-11-10T16:47:00.089Z", "user": 1, "content_type": 14, "object_id": "18", "object_repr": "Ashish Kushwaha -> Pradeep Tiwari: hello", "action_flag": 3, "change_message": ""}}, {"model": "admin.logentry", "pk": 88, "fields": {"action_time": "2025-11-10T16:47:00.089Z", "user": 1, "content_type": 14, "object_id": "17", "object_repr": "Ashish Kushwaha -> Aman Kumar Panika: hello", "action_flag": 3, "change_message": ""}}, {"model": "admin.logentry", "pk": 89, "fields": {"action_time": "2025-11-10T16:47:00.089Z", "user": 1, "content_type": 14, "object_id": "16", "object_repr": "Ashish Kushwaha -> Aman Kumar Panika: what are you doing r", "action_flag": 3, "change_message": ""}}, {"model": "admin.logentry", "pk": 90, "fields": {"action_time": "2025-11-10T16:47:00.089Z", "user": 1, "content_type": 14, "object_id": "15", "object_repr": "Ashish Kushwaha -> Aman Kumar Panika: hello", "action_flag": 3, "change_message": ""}}, {"model": "admin.logentry", "pk": 91, "fields": {"action_time": "2025-11-10T16:47:00.089Z", "user": 1, "content_type": 14, "object_id": "14", "object_repr": "Ashish Kushwaha -> Aman Kumar Panika: do reply...", "action_flag": 3, "change_message": ""}}, {"model": "admin.logentry", "pk": 92, "fields": {"action_time": "2025-11-10T16:47:00.089Z", "user": 1, "content_type": 14, "object_id": "13", "object_repr": "Ashish Kushwaha -> Aman Kumar Panika: hello", "action_flag": 3, "change_message": ""}}, {"model": "admin.logentry", "pk": 93, "fields": {"action_time": "2025-11-10T16:47:00.089Z", "user": 1, "content_type": 14, "object_id": "12", "object_repr": "Ashish Kushwaha -> Aman Kumar Panika: helllo", "action_flag": 3, "change_message": ""}}, {"model": "admin.logentry", "pk": 94, "fields": {"action_time": "2025-11-10T16:47:00.089Z", "user": 1, "content_type": 14, "object_id": "11", "object_repr": "Ashish Kushwaha -> Pradeep Tiwari: hello", "action_flag": 3, "change_message": ""}}, {"model": "admin.logentry", "pk": 95, "fields": {"action_time": "2025-11-10T16:47:00.089Z", "user": 1, "content_type": 14, "object_id": "10", "object_repr": "Ashish Kushwaha -> Aman Kumar Panika: good", "action_flag": 3, "change_message": ""}}, {"model": "admin.logentry", "pk": 96, "fields": {"action_time": "2025-11-10T16:47:00.089Z", "user": 1, "content_type": 14, "object_id": "9", "object_repr": "Aman Kumar Panika -> Ashish Kushwaha: Maja Ma..", "action_flag": 3, "change_message": ""}}, {"model": "admin.logentry", "pk": 97, "fields": {"action_time": "2025-11-10T16:47:00.089Z", "user": 1, "content_type": 14, "object_id": "8", "object_repr": "Ashish Kushwaha -> Aman Kumar Panika: what about you?", "action_flag": 3, "change_message": ""}}, {"model": "admin.logentry", "pk": 98, "fields": {"action_time": "2025-11-10T16:47:00.089Z", "user": 1, "content_type": 14, "object_id": "7", "object_repr": "Ashish Kushwaha -> Aman Kumar Panika: yeah", "action_flag": 3, "change_message": ""}}, {"model": "admin.logentry", "pk": 99, "fields": {"action_time": "2025-11-10T16:47:00.089Z", "user": 1, "content_type": 14, "object_id": "6", "object_repr": "Aman Kumar Panika -> Ashish Kushwaha: all good?", "action_flag": 3, "change_message": ""}}, {"model": "admin.logentry", "pk": 100, "fields": {"action_time": "2025-11-10T16:47:00.089Z", "user": 1, "content_type": 14, "object_id": "5", "object_repr": "Ashish Kushwaha -> Aman Kumar Panika: nothing", "action_flag": 3, "change_message": ""}}, {"model": "admin.logentry", "pk": 101, "fields": {"action_time": "2025-11-10T16:47:00.089Z", "user": 1, "content_type": 14, "object_id": "4", "object_repr": "Aman Kumar Panika -> Ashish Kushwaha: what's going on", "action_flag": 3, "change_message": ""}}, {"model": "admin.logentry", "pk": 102, "fields": {"action_time": "2025-11-10T16:47:00.089Z", "user": 1, "content_type": 14, "object_id": "3", "object_repr": "Aman Kumar Panika -> Ashish Kushwaha: hii", "action_flag": 3, "change_message": ""}}, {"model": "admin.logentry", "pk": 103, "fields": {"action_time": "2025-11-10T16:47:00.089Z", "user": 1, "content_type": 14, "object_id": "2", "object_repr": "Ashish Kushwaha -> Aman Kumar Panika: hello", "action_flag": 3, "change_message": ""}}, {"model": "admin.logentry", "pk": 104, "fields": {"action_time": "2025-11-10T16:47:00.089Z", "user": 1, "content_type": 14, "object_id": "1", "object_repr": "Aman Kumar Panika -> Ashish Kushwaha: Hello", "action_flag": 3, "change_message": ""}}, {"model": "admin.logentry", "pk": 105, "fields": {"action_time": "2025-11-14T18:44:46.867Z", "user": 1, "content_type": 13, "object_id": "4", "object_repr": "Aman Kumar Panika about Convoke on 2025-11-15", "action_flag": 3, "change_message": ""}}, {"model": "admin.logentry", "pk": 106, "fields": {"action_time": "2025-11-14T18:44:46.867Z", "user": 1, "content_type": 13, "object_id": "3", "object_repr": "Aman Kumar Panika about Convoke on 2025-11-15", "action_flag": 3, "change_message": ""}}, {"model": "admin.logentry", "pk": 107, "fields": {"action_time": "2025-11-14T18:44:46.867Z", "user": 1, "content_type": 13, "object_id": "2", "object_repr": "Aman Kumar Panika about Convoke on 2025-11-15", "action_flag": 3, "change_message": ""}}, {"model": "admin.logentry", "pk": 108, "fields": {"action_time": "2025-11-14T18:44:46.867Z", "user": 1, "content_type": 13, "object_id": "1", "object_repr": "Aman Kumar Panika about Convoke on 2025-11-15", "action_flag": 3, "change_message": ""}}, {"model": "admin.logentry", "pk": 109, "fields": {"action_time": "2025-11-14T18:51:57.461Z", "user": 1, "content_type": 2, "object_id": "3", "object_repr": "Ashish Kushwaha", "action_flag": 2, "change_message": "[{\"changed\": {\"name\": \"student details\", \"object\": \"Ashish Kushwaha - 3 Year\", \"fields\": [\"Home town\"]}}]"}}, {"model": "admin.logentry", "pk": 110, "fields": {"action_time": "2025-11-14T18:52:16.322Z", "user": 1, "content_type": 2, "object_id": "3", "object_repr": "Ashish Kushwaha", "action_flag": 2, "change_message": "[{\"changed\": {\"name\": \"student details\", \"object\": \"Ashish Kushwaha - 3 Year\", \"fields\": [\"Home town\"]}}]"}}, {"model": "admin.logentry", "pk": 111, "fields": {"action_time": "2025-11-14T18:57:08.543Z", "user": 1, "content_type": 2, "object_id": "3", "object_repr": "Ashish Kushwaha", "action_flag": 2, "change_message": "[{\"changed\": {\"name\": \"student details\", \"object\": \"Ashish Kushwaha - 3 Year\", \"fields\": [\"Home town\"]}}]"}}, {"model": "auth.permission", "pk": 1, "fields": {"name": "Can add manual verification", "content_type": 1, "codename": "add_manualverification"}}, {"model": "auth.permission", "pk": 2, "fields": {"name": "Can change manual verification", "content_type": 1, "codename": "change_manualverification"}}, {"model": "auth.permission", "pk": 3, "fields": {"name": "Can delete manual verification", "content_type": 1, "codename": "delete_manualverification"}}, {"model": "auth.permission", "pk": 4, "fields": {"name": "Can view manual verification", "content_type": 1, "codename": "view_manualverification"}}, {"model": "auth.permission", "pk": 5, "fields": {"name": "Can add user", "content_type": 2, "codename": "add_customuser"}}, {"model": "auth.permission", "pk": 6, "fields": {"name": "Can change user", "content_type": 2, "codename": "change_customuser"}}, {"model": "auth.permission", "pk": 7, "fields": {"name": "Can delete user", "content_type": 2, "codename": "delete_customuser"}}, {"model": "auth.permission", "pk": 8, "fields": {"name": "Can view user", "content_type": 2, "codename": "view_customuser"}}, {"model": "auth.permission", "pk": 9, "fields": {"name": "Can add alumni details", "content_type": 3, "codename": "add_alumnidetails"}}, {"model": "auth.permission", "pk": 10, "fields": {"name": "Can change alumni details", "content_type": 3, "codename": "change_alumnidetails"}}, {"model": "auth.permission", "pk": 11, "fields": {"name": "Can delete alumni details", "content_type": 3, "codename": "delete_alumnidetails"}}, {"model": "auth.permission", "pk": 12, "fields": {"name": "Can view alumni details", "content_type": 3, "codename": "view_alumnidetails"}}, {"model": "auth.permission", "pk": 13, "fields": {"name": "Can add experience", "content_type": 4, "codename": "add_experience"}}, {"model": "auth.permission", "pk": 14, "fields": {"name": "Can change experience", "content_type": 4, "codename": "change_experience"}}, {"model": "auth.permission", "pk": 15, "fields": {"name": "Can delete experience", "content_type": 4, "codename": "delete_experience"}}, {"model": "auth.permission", "pk": 16, "fields": {"name": "Can view experience", "content_type": 4, "codename": "view_experience"}}, {"model": "auth.permission", "pk": 17, "fields": {"name": "Can add higher studies", "content_type": 5, "codename": "add_higherstudies"}}, {"model": "auth.permission", "pk": 18, "fields": {"name": "Can change higher studies", "content_type": 5, "codename": "change_higherstudies"}}, {"model": "auth.permission", "pk": 19, "fields": {"name": "Can delete higher studies", "content_type": 5, "codename": "delete_higherstudies"}}, {"model": "auth.permission", "pk": 20, "fields": {"name": "Can view higher studies", "content_type": 5, "codename": "view_higherstudies"}}, {"model": "auth.permission", "pk": 21, "fields": {"name": "Can add others", "content_type": 6, "codename": "add_others"}}, {"model": "auth.permission", "pk": 22, "fields": {"name": "Can change others", "content_type": 6, "codename": "change_others"}}, {"model": "auth.permission", "pk": 23, "fields": {"name": "Can delete others", "content_type": 6, "codename": "delete_others"}}, {"model": "auth.permission", "pk": 24, "fields": {"name": "Can view others", "content_type": 6, "codename": "view_others"}}, {"model": "auth.permission", "pk": 25, "fields": {"name": "Can add skill", "content_type": 7, "codename": "add_skill"}}, {"model": "auth.permission", "pk": 26, "fields": {"name": "Can change skill", "content_type": 7, "codename": "change_skill"}}, {"model": "auth.permission", "pk": 27, "fields": {"name": "Can delete skill", "content_type": 7, "codename": "delete_skill"}}, {"model": "auth.permission", "pk": 28, "fields": {"name": "Can view skill", "content_type": 7, "codename": "view_skill"}}, {"model": "auth.permission", "pk": 29, "fields": {"name": "Can add startup", "content_type": 8, "codename": "add_startup"}}, {"model": "auth.permission", "pk": 30, "fields": {"name": "Can change startup", "content_type": 8, "codename": "change_startup"}}, {"model": "auth.permission", "pk": 31, "fields": {"name": "Can delete startup", "content_type": 8, "codename": "delete_startup"}}, {"model": "auth.permission", "pk": 32, "fields": {"name": "Can view startup", "content_type": 8, "codename": "view_startup"}}, {"model": "auth.permission", "pk": 33, "fields": {"name": "Can add status documents", "content_type": 9, "codename": "add_statusdocuments"}}, {"model": "auth.permission", "pk": 34, "fields": {"name": "Can change status documents", "content_type": 9, "codename": "change_statusdocuments"}}, {"model": "auth.permission", "pk": 35, "fields": {"name": "Can delete status documents", "content_type": 9, "codename": "delete_statusdocuments"}}, {"model": "auth.permission", "pk": 36, "fields": {"name": "Can view status documents", "content_type": 9, "codename": "view_statusdocuments"}}, {"model": "auth.permission", "pk": 37, "fields": {"name": "Can add student details", "content_type": 10, "codename": "add_studentdetails"}}, {"model": "auth.permission", "pk": 38, "fields": {"name": "Can change student details", "content_type": 10, "codename": "change_studentdetails"}}, {"model": "auth.permission", "pk": 39, "fields": {"name": "Can delete student details", "content_type": 10, "codename": "delete_studentdetails"}}, {"model": "auth.permission", "pk": 40, "fields": {"name": "Can view student details", "content_type": 10, "codename": "view_studentdetails"}}, {"model": "auth.permission", "pk": 41, "fields": {"name": "Can add working professional", "content_type": 11, "codename": "add_workingprofessional"}}, {"model": "auth.permission", "pk": 42, "fields": {"name": "Can change working professional", "content_type": 11, "codename": "change_workingprofessional"}}, {"model": "auth.permission", "pk": 43, "fields": {"name": "Can delete working professional", "content_type": 11, "codename": "delete_workingprofessional"}}, {"model": "auth.permission", "pk": 44, "fields": {"name": "Can view working professional", "content_type": 11, "codename": "view_workingprofessional"}}, {"model": "auth.permission", "pk": 45, "fields": {"name": "Can add event", "content_type": 12, "codename": "add_event"}}, {"model": "auth.permission", "pk": 46, "fields": {"name": "Can change event", "content_type": 12, "codename": "change_event"}}, {"model": "auth.permission", "pk": 47, "fields": {"name": "Can delete event", "content_type": 12, "codename": "delete_event"}}, {"model": "auth.permission", "pk": 48, "fields": {"name": "Can view event", "content_type": 12, "codename": "view_event"}}, {"model": "auth.permission", "pk": 49, "fields": {"name": "Can add event report", "content_type": 13, "codename": "add_eventreport"}}, {"model": "auth.permission", "pk": 50, "fields": {"name": "Can change event report", "content_type": 13, "codename": "change_eventreport"}}, {"model": "auth.permission", "pk": 51, "fields": {"name": "Can delete event report", "content_type": 13, "codename": "delete_eventreport"}}, {"model": "auth.permission", "pk": 52, "fields": {"name": "Can view event report", "content_type": 13, "codename": "view_eventreport"}}, {"model": "auth.permission", "pk": 53, "fields": {"name": "Can add message", "content_type": 14, "codename": "add_message"}}, {"model": "auth.permission", "pk": 54, "fields": {"name": "Can change message", "content_type": 14, "codename": "change_message"}}, {"model": "auth.permission", "pk": 55, "fields": {"name": "Can delete message", "content_type": 14, "codename": "delete_message"}}, {"model": "auth.permission", "pk": 56, "fields": {"name": "Can view message", "content_type": 14, "codename": "view_message"}}, {"model": "auth.permission", "pk": 57, "fields": {"name": "Can add opportunity", "content_type": 15, "codename": "add_opportunity"}}, {"model": "auth.permission", "pk": 58, "fields": {"name": "Can change opportunity", "content_type": 15, "codename": "change_opportunity"}}, {"model": "auth.permission", "pk": 59, "fields": {"name": "Can delete opportunity", "content_type": 15, "codename": "delete_opportunity"}}, {"model": "auth.permission", "pk": 60, "fields": {"name": "Can view opportunity", "content_type": 15, "codename": "view_opportunity"}}, {"model": "auth.permission", "pk": 61, "fields": {"name": "Can add applicant", "content_type": 16, "codename": "add_applicant"}}, {"model": "auth.permission", "pk": 62, "fields": {"name": "Can change applicant", "content_type": 16, "codename": "change_applicant"}}, {"model": "auth.permission", "pk": 63, "fields": {"name": "Can delete applicant", "content_type": 16, "codename": "delete_applicant"}}, {"model": "auth.permission", "pk": 64, "fields": {"name": "Can view applicant", "content_type": 16, "codename": "view_applicant"}}, {"model": "auth.permission", "pk": 65, "fields": {"name": "Can add opportunity report", "content_type": 17, "codename": "add_opportunityreport"}}, {"model": "auth.permission", "pk": 66, "fields": {"name": "Can change opportunity report", "content_type": 17, "codename": "change_opportunityreport"}}, {"model": "auth.permission", "pk": 67, "fields": {"name": "Can delete opportunity report", "content_type": 17, "codename": "delete_opportunityreport"}}, {"model": "auth.permission", "pk": 68, "fields": {"name": "Can view opportunity report", "content_type": 17, "codename": "view_opportunityreport"}}, {"model": "auth.permission", "pk": 69, "fields": {"name": "Can add log entry", "content_type": 18, "codename": "add_logentry"}}, {"model": "auth.permission", "pk": 70, "fields": {"name": "Can change log entry", "content_type": 18, "codename": "change_logentry"}}, {"model": "auth.permission", "pk": 71, "fields": {"name": "Can delete log entry", "content_type": 18, "codename": "delete_logentry"}}, {"model": "auth.permission", "pk": 72, "fields": {"name": "Can view log entry", "content_type": 18, "codename": "view_logentry"}}, {"model": "auth.permission", "pk": 73, "fields": {"name": "Can add permission", "content_type": 19, "codename": "add_permission"}}, {"model": "auth.permission", "pk": 74, "fields": {"name": "Can change permission", "content_type": 19, "codename": "change_permission"}}, {"model": "auth.permission", "pk": 75, "fields": {"name": "Can delete permission", "content_type": 19, "codename": "delete_permission"}}, {"model": "auth.permission", "pk": 76, "fields": {"name": "Can view permission", "content_type": 19, "codename": "view_permission"}}, {"model": "auth.permission", "pk": 77, "fields": {"name": "Can add group", "content_type": 20, "codename": "add_group"}}, {"model": "auth.permission", "pk": 78, "fields": {"name": "Can change group", "content_type": 20, "codename": "change_group"}}, {"model": "auth.permission", "pk": 79, "fields": {"name": "Can delete group", "content_type": 20, "codename": "delete_group"}}, {"model": "auth.permission", "pk": 80, "fields": {"name": "Can view group", "content_type": 20, "codename": "view_group"}}, {"model": "auth.permission", "pk": 81, "fields": {"name": "Can add content type", "content_type": 21, "codename": "add_contenttype"}}, {"model": "auth.permission", "pk": 82, "fields": {"name": "Can change content type", "content_type": 21, "codename": "change_contenttype"}}, {"model": "auth.permission", "pk": 83, "fields": {"name": "Can delete content type", "content_type": 21, "codename": "delete_contenttype"}}, {"model": "auth.permission", "pk": 84, "fields": {"name": "Can view content type", "content_type": 21, "codename": "view_contenttype"}}, {"model": "auth.permission", "pk": 85, "fields": {"name": "Can add session", "content_type": 22, "codename": "add_session"}}, {"model": "auth.permission", "pk": 86, "fields": {"name": "Can change session", "content_type": 22, "codename": "change_session"}}, {"model": "auth.permission", "pk": 87, "fields": {"name": "Can delete session", "content_type": 22, "codename": "delete_session"}}, {"model": "auth.permission", "pk": 88, "fields": {"name": "Can view session", "content_type": 22, "codename": "view_session"}}, {"model": "contenttypes.contenttype", "pk": 1, "fields": {"app_label": "authentication", "model": "manualverification"}}, {"model": "contenttypes.contenttype", "pk": 2, "fields": {"app_label": "authentication", "model": "customuser"}}, {"model": "contenttypes.contenttype", "pk": 3, "fields": {"app_label": "authentication", "model": "alumnidetails"}}, {"model": "contenttypes.contenttype", "pk": 4, "fields": {"app_label": "authentication", "model": "experience"}}, {"model": "contenttypes.contenttype", "pk": 5, "fields": {"app_label": "authentication", "model": "higherstudies"}}, {"model": "contenttypes.contenttype", "pk": 6, "fields": {"app_label": "authentication", "model": "others"}}, {"model": "contenttypes.contenttype", "pk": 7, "fields": {"app_label": "authentication", "model": "skill"}}, {"model": "contenttypes.contenttype", "pk": 8, "fields": {"app_label": "authentication", "model": "startup"}}, {"model": "contenttypes.contenttype", "pk": 9, "fields": {"app_label": "authentication", "model": "statusdocuments"}}, {"model": "contenttypes.contenttype", "pk": 10, "fields": {"app_label": "authentication", "model": "studentdetails"}}, {"model": "contenttypes.contenttype", "pk": 11, "fields": {"app_label": "authentication", "model": "workingprofessional"}}, {"model": "contenttypes.contenttype", "pk": 12, "fields": {"app_label": "events", "model": "event"}}, {"model": "contenttypes.contenttype", "pk": 13, "fields": {"app_label": "events", "model": "eventreport"}}, {"model": "contenttypes.contenttype", "pk": 14, "fields": {"app_label": "chat", "model": "message"}}, {"model": "contenttypes.contenttype", "pk": 15, "fields": {"app_label": "opportunity", "model": "opportunity"}}, {"model": "contenttypes.contenttype", "pk": 16, "fields": {"app_label": "opportunity", "model": "applicant"}}, {"model": "contenttypes.contenttype", "pk": 17, "fields": {"app_label": "opportunity", "model": "opportunityreport"}}, {"model": "contenttypes.contenttype", "pk": 18, "fields": {"app_label": "admin", "model": "logentry"}}, {"model": "contenttypes.contenttype", "pk": 19, "fields": {"app_label": "auth", "model": "permission"}}, {"model": "contenttypes.contenttype", "pk": 20, "fields": {"app_label": "auth", "model": "group"}}, {"model": "contenttypes.contenttype", "pk": 21, "fields": {"app_label": "contenttypes", "model": "contenttype"}}, {"model": "contenttypes.contenttype", "pk": 22, "fields": {"app_label": "sessions", "model": "session"}}, {"model": "sessions.session", "pk": "0kxi3umq1s5tzju8bcj7qiuz30lqvpk2", "fields": {"session_data": "e30:1vI4lo:PqSapBYBN_oWwaVs35QcYMLyj7ytjImrlxyjgdhSPaQ", "expire_date": "2025-11-23T12:43:48.060Z"}}, {"model": "sessions.session", "pk": "18yxgyb1wwhtjvxf9ep46rdw6b6hkdvj", "fields": {"session_data": ".eJxVjMsOwiAQRf-FtSHl0cK4dO83kBlgpGogKe3K-O_apAvd3nPOfYmA21rC1vMS5iTOQonT70YYH7nuIN2x3pqMra7LTHJX5EG7vLaUn5fD_Tso2Mu3ZoSonElkBtBgNE6DZueBQU921KSczcqlSN4wk3WUnedswHubDNAo3h_SpjeW:1vHR6w:0MTcrQ0fbafyUpzJSE4wxCkK7oYm9jBurCRjGBc3_ss", "expire_date": "2025-11-21T18:22:58.281Z"}}, {"model": "sessions.session", "pk": "1w280md1vpaf999fqgqu7up04dk6exrx", "fields": {"session_data": ".eJxVjEEOwiAQRe_C2hBmgBRcuvcMZMoMUjU0Ke3KeHdt0oVu_3vvv1Siba1p67KkidVZgVGn33Gk_JC2E75Tu806z21dplHvij5o19eZ5Xk53L-DSr1-a0RvOIcQLXNAZ7wfEApEiiIuIopQzsZCADOYSGK5OGIIxYbiLRX1_gDpljfR:1vJPX1:cJ5vdYNTI1wIsR4fJiGQ1qQS-N6Gk4ndiYj4uiQgQHo", "expire_date": "2025-11-27T05:06:03.762Z"}}, {"model": "sessions.session", "pk": "2trre86dm2ld9xr8yloi0tcwi0on6l54", "fields": {"session_data": "eyJlbWFpbCI6ImRqQGNpYy5kdS5hYy5pbiIsIm90cCI6IjcxMzYyNiIsIm90cF9zZW50Ijp0cnVlfQ:1vIMEb:lQmcxpxe6Z2Xbw95XKsCimdm5kwoiMo_czgbofcpMw0", "expire_date": "2025-11-24T07:22:41.766Z"}}, {"model": "sessions.session", "pk": "2xbv86evjrji87z4mbsormayl9iq0wgd", "fields": {"session_data": ".eJxVjMEOwiAQRP-FsyELtBY8evcbyLILUjWQlPZk_Hdp0oNeZpJ5M_MWHrc1-63Fxc8sLkKL028WkJ6x7IAfWO5VUi3rMge5V-RBm7xVjq_r0f07yNhyX0dAspTsGJWDaSC2ZxVIjw6sVmANpB5PibuZoatSyjkmBEhgDKP4fAHXvjdu:1vILlC:-o4ZgJkRzGKknnpAWSVkeZ6gHDaFblo-ecATY3Ln_Lc", "expire_date": "2025-11-24T06:52:18.828Z"}}, {"model": "sessions.session", "pk": "57o4hbo6bqanqv44po2mhq3le2qsf42i", "fields": {"session_data": ".eJxVjMsOwiAQRf-FtSHl0cK4dO83kBlgpGogKe3K-O_apAvd3nPOfYmA21rC1vMS5iTOQonT70YYH7nuIN2x3pqMra7LTHJX5EG7vLaUn5fD_Tso2Mu3ZoSonElkBtBgNE6DZueBQU921KSczcqlSN4wk3WUnedswHubDNAo3h_SpjeW:1vILVM:Rev4ICnO7if0rbAhrvWM8Zrb-dnuyUnkqYcpvfOf1So", "expire_date": "2025-11-24T06:35:56.930Z"}}, {"model": "sessions.session", "pk": "862kkl9mhnfuzw5tkf2yqt7n6kanhutx", "fields": {"session_data": ".eJxVjMsOwiAQRf-FtSHl0cK4dO83kBlgpGogKe3K-O_apAvd3nPOfYmA21rC1vMS5iTOQonT70YYH7nuIN2x3pqMra7LTHJX5EG7vLaUn5fD_Tso2Mu3ZoSonElkBtBgNE6DZueBQU921KSczcqlSN4wk3WUnedswHubDNAo3h_SpjeW:1vIV0b:Vt2_XmXL5rJGyJrQaReTsUeqHAJGfRq3Fxyzu6ugCZY", "expire_date": "2025-11-24T16:44:49.258Z"}}, {"model": "sessions.session", "pk": "9h78dnzhsq3b39paqkpitnttng5k5552", "fields": {"session_data": ".eJxVjMsOwiAQRf-FtSHl0cK4dO83kBlgpGogKe3K-O_apAvd3nPOfYmA21rC1vMS5iTOQonT70YYH7nuIN2x3pqMra7LTHJX5EG7vLaUn5fD_Tso2Mu3ZoSonElkBtBgNE6DZueBQU921KSczcqlSN4wk3WUnedswHubDNAo3h_SpjeW:1vIV2i:nksvfhn0uPlUXtwYCyhTdmsW8vl6McrlY6A_-7RBklw", "expire_date": "2025-11-24T16:47:00.105Z"}}, {"model": "sessions.session", "pk": "9ku2h33l83q6egt8cefk6cz0w4rp966j", "fields": {"session_data": ".eJyrVkrNTczMUbJSKi7Ny8wpSMzLzE60NDQ2tDA3NTAzdUjOTNZLKdVLTNbLzFPSUcovKQAqNTI0MTUxgHDji1PzSpSsSopKUyH8stSizLTM1BSIWC0A3XwfjQ:1vKJGG:14XI0HqW2F827Z4C5rMqe4W1hQ7OQ0c9cgD5Ir1SssI", "expire_date": "2025-11-29T16:36:28.734Z"}}, {"model": "sessions.session", "pk": "9qdgq76s1szqxg7qfomrokd6qzrj5ydi", "fields": {"session_data": ".eJxVjDsOwjAQRO_iGll4_cmakp4zRN71GgeQI-VTIe5OIqWAcua9mbfq07rUfp1l6oesLgrV6bejxE9pO8iP1O6j5rEt00B6V_RBZ30bs7yuh_t3UNNct7UNCSB2HthG8sGYTGi34CQaAuo8ljNazyU7gYCEmaF4x1iAhYTU5wvJHTgP:1vIqac:wtoOU3VlMMuRbZmxun6u2DS8QnI8qkG-LCApMqAwZXw", "expire_date": "2025-11-25T15:47:26.780Z"}}, {"model": "sessions.session", "pk": "b7m6j5fipi62gqiiape4jp92txxtvazu", "fields": {"session_data": "e30:1vIqHx:usltIN5OJbsQznC6YsOKVFdOy4yhtzcqUE1GS61exlA", "expire_date": "2025-11-25T15:28:09.755Z"}}, {"model": "sessions.session", "pk": "bpsr50nzfp4zo2rv46z67q3vrjs7zl7p", "fields": {"session_data": ".eJxVjDsOwjAQRO_iGll4_cmakp4zRN71GgeQI-VTIe5OIqWAcua9mbfq07rUfp1l6oesLgrV6bejxE9pO8iP1O6j5rEt00B6V_RBZ30bs7yuh_t3UNNct7UNCSB2HthG8sGYTGi34CQaAuo8ljNazyU7gYCEmaF4x1iAhYTU5wvJHTgP:1vIqpf:rJWLcPy04M_oDamBrxrEWieP0WDGC9CfKOH1zvIzB6o", "expire_date": "2025-11-25T16:02:59.569Z"}}, {"model": "sessions.session", "pk": "c25y2jk862sccmzrhitlvykrjrjhyoc3", "fields": {"session_data": ".eJyNkM1qwzAQhF8l6Jwa_di1nVOdUKgJDqVNz2IjrWs1thxsuVBC3r1SnEJ7qy5i9xt2ZvdMsAPTkhUZJ2vaE1hzhJwJlqUJvU8elFGRniJQkbFkSXp38tKYJjRO5lKOaB1ZuWHCuf7EwdQG9U8PFGjsjJIanXcayeo8e5b6v64WOvTaoip227eqeHkuduW28GDo21ba3jMuBOM5Syijvo82kM4n-6GbcrdZ78uK-neVHMCpRn4hDIFTLhZ3C_-l89Rg9-omHXZbEtVPw4jyFmO9f9w8kcuSSJhcI6cRB2nCLte5v5oHUEe0gegPsO99pHrrBnOIgiS60TGqeo3t-qb9M6CBsQnpeEK1yrJcaJ1xf_wk5axmOeSIcc45IihF_fEYTWkOKHQdg2ZZLbI6EVCTyzc-_pfD:1vJmyF:WOUiRSkHbjuIJCZltcy0tT4aaZ4QZIReIfEy58oDZqQ", "expire_date": "2025-11-28T06:07:43.527Z"}}, {"model": "sessions.session", "pk": "fkmx6qrp4pbrpjn2ugv2g84zfy7bi77x", "fields": {"session_data": ".eJxVjMsOwiAQRf-FtSHl0cK4dO83kBlgpGogKe3K-O_apAvd3nPOfYmA21rC1vMS5iTOQonT70YYH7nuIN2x3pqMra7LTHJX5EG7vLaUn5fD_Tso2Mu3ZoSonElkBtBgNE6DZueBQU921KSczcqlSN4wk3WUnedswHubDNAo3h_SpjeW:1vI3Ey:kvQlSNGf92xlBQVtIhJ2i6HbgPkTjpd4I3Zuuu3MxCk", "expire_date": "2025-11-23T11:05:48.484Z"}}, {"model": "sessions.session", "pk": "h02fjfnr9umkhnapqe17zty8vz7e7b82", "fields": {"session_data": ".eJxVjMEOwiAQRP-FsyELtBY8evcbyLILUjWQlPZk_Hdp0oNeZpJ5M_MWHrc1-63Fxc8sLkKL028WkJ6x7IAfWO5VUi3rMge5V-RBm7xVjq_r0f07yNhyX0dAspTsGJWDaSC2ZxVIjw6sVmANpB5PibuZoatSyjkmBEhgDKP4fAHXvjdu:1vHKUZ:p6N6Ge4ivYTBXkTZFSRgj4T1iVurIKa5U9frpv-MQ2A", "expire_date": "2025-11-21T11:18:55.289Z"}}, {"model": "sessions.session", "pk": "hsqwix3jjmqscok7x3x7rcqwdv443tu5", "fields": {"session_data": ".eJxVjEEOwiAQRe_C2hBmgBRcuvcMZMoMUjU0Ke3KeHdt0oVu_3vvv1Siba1p67KkidVZgVGn33Gk_JC2E75Tu806z21dplHvij5o19eZ5Xk53L-DSr1-a0RvOIcQLXNAZ7wfEApEiiIuIopQzsZCADOYSGK5OGIIxYbiLRX1_gDpljfR:1vIKEw:pjBeWethVEfroQpnVaBy93bE9q0TyLMrvNF51TYboOc", "expire_date": "2025-11-24T05:14:54.578Z"}}, {"model": "sessions.session", "pk": "ibvryyvm9ex54gsq0coug82x2avhekkq", "fields": {"session_data": ".eJxVjMEOwiAQRP-FsyELtBY8evcbyLILUjWQlPZk_Hdp0oNeZpJ5M_MWHrc1-63Fxc8sLkKL028WkJ6x7IAfWO5VUi3rMge5V-RBm7xVjq_r0f07yNhyX0dAspTsGJWDaSC2ZxVIjw6sVmANpB5PibuZoatSyjkmBEhgDKP4fAHXvjdu:1vIUet:pSUPezgMKu7kZJLXOiU4yvA7VZAfQGKI4llPsSHrx-k", "expire_date": "2025-11-24T16:22:23.682Z"}}, {"model": "sessions.session", "pk": "mzcn8ej2wzm8616d0jey2uluuuxzkmhr", "fields": {"session_data": ".eJxVjEEOwiAQRe_C2hBmgBRcuvcMZMoMUjU0Ke3KeHdt0oVu_3vvv1Siba1p67KkidVZgVGn33Gk_JC2E75Tu806z21dplHvij5o19eZ5Xk53L-DSr1-a0RvOIcQLXNAZ7wfEApEiiIuIopQzsZCADOYSGK5OGIIxYbiLRX1_gDpljfR:1vJFqM:4GhPuzTIlGF27vLRzfvPkFIuXL5-YtvMlRipS7Izgz8", "expire_date": "2025-11-26T18:45:22.649Z"}}, {"model": "sessions.session", "pk": "rp2bhrlli6ekt8u1zxenwfzvzheaws2g", "fields": {"session_data": ".eJxVjMEOwiAQRP-FsyELtBY8evcbyLILUjWQlPZk_Hdp0oNeZpJ5M_MWHrc1-63Fxc8sLkKL028WkJ6x7IAfWO5VUi3rMge5V-RBm7xVjq_r0f07yNhyX0dAspTsGJWDaSC2ZxVIjw6sVmANpB5PibuZoatSyjkmBEhgDKP4fAHXvjdu:1vHPfn:CI_tviT--3oYMk_kwt-lZ6-4UhmQBXkW6Vbc0QgcjbM", "expire_date": "2025-11-21T16:50:51.970Z"}}, {"model": "sessions.session", "pk": "s56ocjb94a17uatu8g5mqxq80otqkli1", "fields": {"session_data": "e30:1vJPV3:kT9BmVoGePUMs_-grND3XF_zONCpRLscMqp9uUnFO44", "expire_date": "2025-11-27T05:04:01.669Z"}}, {"model": "sessions.session", "pk": "smshpxuqssyexbrfczcvzumkzooj1vp3", "fields": {"session_data": ".eJxVjMsOwiAQRf-FtSHl0cK4dO83kBlgpGogKe3K-O_apAvd3nPOfYmA21rC1vMS5iTOQonT70YYH7nuIN2x3pqMra7LTHJX5EG7vLaUn5fD_Tso2Mu3ZoSonElkBtBgNE6DZueBQU921KSczcqlSN4wk3WUnedswHubDNAo3h_SpjeW:1vHPtY:81Gs_HFfGDVhDpiKxuabowxILvZpQ4qOIJ_V5L2WIXk", "expire_date": "2025-11-21T17:05:04.518Z"}}, {"model": "sessions.session", "pk": "sn3ktdopuacwxqm7w0u3d8zu4hzertu3", "fields": {"session_data": ".eJxVjksOwjAMRO_idRXl05SkK8SeM1QmdmigpKhJV4i7U0Q3LD3vzcgv4AemCXrAMqYyHkMKglaBQaQMDcz1uTHbuU7p3zkUzhX6uqzcwIBrHYe18DIk2kQl4S-8YLhz_hK6Yb7OIsy5LukivorYaRHnmXg67e7fwLi9tbW1tpKCc94QOd1Kaw9aReXRM7dea2YMQRrllDxIj2wotkjKReOiNRjh_QE1HUsH:1vIUAH:bU_z2GAOPgWfCrR5qKUvna_bX-lVXMoL0_zMw-xXk50", "expire_date": "2025-11-24T15:50:45.980Z"}}, {"model": "sessions.session", "pk": "t9lx0jam010lsciaobwyz9ga8t6or8u9", "fields": {"session_data": ".eJxVjEEOwiAQRe_C2hBmgBRcuvcMZMoMUjU0Ke3KeHdt0oVu_3vvv1Siba1p67KkidVZgVGn33Gk_JC2E75Tu806z21dplHvij5o19eZ5Xk53L-DSr1-a0RvOIcQLXNAZ7wfEApEiiIuIopQzsZCADOYSGK5OGIIxYbiLRX1_gDpljfR:1vIrXE:ILvXniFYXisfY-j12IWwyK_0MFzdx7PFxFJxzlzLIPM", "expire_date": "2025-11-25T16:48:00.532Z"}}, {"model": "sessions.session", "pk": "tp6tjlonet7uzmpwlk6xsdu1l9qrhyob", "fields": {"session_data": ".eJxVjMsOwiAQRf-FtSHl0cK4dO83kBlgpGogKe3K-O_apAvd3nPOfYmA21rC1vMS5iTOQonT70YYH7nuIN2x3pqMra7LTHJX5EG7vLaUn5fD_Tso2Mu3ZoSonElkBtBgNE6DZueBQU921KSczcqlSN4wk3WUnedswHubDNAo3h_SpjeW:1vJyyq:RHUv8sXfmCUdc3_7tbU-VQzjYKMS3fuFB8cW70CljZc", "expire_date": "2025-11-28T18:57:08.568Z"}}, {"model": "sessions.session", "pk": "v1orea20we19lsz6m672c40wa9m4r7ii", "fields": {"session_data": ".eJyNj0FrwzAMhf9K8bkLdkKaNKe5YbBQEkbbnY1ma8wscYpjD0bpf5_StPfpIvS-h550YTiA7VnFpuhsfwZnv2ErMlEWOd_kz9rqxMQEdGIdW7MxnMlalpuCF8uoJnSBVcFHXOYf9PbTonlooMHgYLUyGChpYtVlyWzMf1MdDEhe2cpu_97Kw5vsmr0k4Me-V24klmaZSLci54KTjm4mA132oHXT1btT03Kqm-UDgv5Svwh-5jzNVk8rasWydY47hmjm39ZMj9FPqO5n7E4v9Su7Xv8AThNg0Q:1vIkrm:UqBGw8ce0QJmW01Oy45P8oglgTuSFirVF9T7mQLDaRA", "expire_date": "2025-11-25T09:40:46.198Z"}}, {"model": "sessions.session", "pk": "vpgjvtbsi4evyspo5vtjyuyfbdz4bw0u", "fields": {"session_data": ".eJxVjMsOwiAQRf-FtSHl0cK4dO83kBlgpGogKe3K-O_apAvd3nPOfYmA21rC1vMS5iTOQonT70YYH7nuIN2x3pqMra7LTHJX5EG7vLaUn5fD_Tso2Mu3ZoSonElkBtBgNE6DZueBQU921KSczcqlSN4wk3WUnedswHubDNAo3h_SpjeW:1vHKUN:ryBKC4w7HihDxqPxgMcttdhJ0jDrp9ogtqMSPQB5H5k", "expire_date": "2025-11-21T11:18:43.316Z"}}, {"model": "sessions.session", "pk": "y0e6dpch0vsn56s02k1tphdj15qef3i6", "fields": {"session_data": "e30:1vI8xs:Ut6rDwQDGI_pyV30C8RuqqG1OY3UIsIeb7YMo7CfiwM", "expire_date": "2025-11-23T17:12:32.590Z"}}, {"model": "sessions.session", "pk": "yw5tjnjei801ed5r240rv6gkmhl98s8q", "fields": {"session_data": ".eJxVjMsOwiAQRf-FtSHl0cK4dO83kBlgpGogKe3K-O_apAvd3nPOfYmA21rC1vMS5iTOQonT70YYH7nuIN2x3pqMra7LTHJX5EG7vLaUn5fD_Tso2Mu3ZoSonElkBtBgNE6DZueBQU921KSczcqlSN4wk3WUnedswHubDNAo3h_SpjeW:1vHLTc:ZOUno8SugAQqvK5KEz9-ramGA-yClegXeVSsf_Pdg8g", "expire_date": "2025-11-21T12:22:00.779Z"}}]